{

"metadata":
{
"sourceFile": "",
"generatedBy": "3ds max ThreeJSExporter",
"formatVersion": 3.1,
"vertices": 84,
"normals": 144,
"colors": 0,
"uvs": 222,
"triangles": 144,
"materials": 0
},

"materials": [
],

"vertices": [-1.60459,-0.387187,0.0436463,-1.47724,-0.190122,-0.051043,-1.30352,-0.387187,0.0436463,-1.17617,-0.190122,-0.051043,-1.30352,-0.387187,-0.177138,-1.17617,-0.190122,-0.271827,-1.60459,-0.387187,-0.177138,-1.47724,-0.190122,-0.271827,-1.08274,-0.387187,0.0436463,-0.955391,-0.190122,-0.051043,-1.08274,-0.387187,-0.177138,-0.955391,-0.190122,-0.271827,-1.37468,-0.485565,0.0945516,-1.37468,-0.485565,-0.126233,-1.1539,-0.485565,0.0945516,-1.1539,-0.485565,-0.126233,-0.405752,0.164586,-0.153999,-0.146208,0.611631,-0.379801,0.246564,0.164586,-0.153999,0.506108,0.611631,-0.379801,0.246564,0.164586,-0.655781,0.506108,0.611631,-0.881582,-0.405752,0.164586,-0.655781,-0.146208,0.611631,-0.881582,0.89888,0.164586,-0.153999,1.15842,0.611631,-0.379801,0.89888,0.164586,-0.655781,1.15842,0.611631,-0.881582,-1.15842,-0.279163,0.572001,-0.89888,0.167882,0.346199,-0.506108,-0.279163,0.572001,-0.246564,0.167882,0.346199,-0.506108,-0.279163,0.070219,-0.246564,0.167882,-0.155582,-1.15842,-0.279163,0.070219,-0.89888,0.167882,-0.155582,0.146208,-0.279163,0.572001,0.405752,0.167882,0.346199,0.146208,-0.279163,0.070219,0.405752,0.167882,-0.155582,-1.70949,0.164586,0.347782,-1.44995,0.611631,0.121981,-1.05718,0.164586,0.347782,-0.797634,0.611631,0.121981,-1.05718,0.164586,-0.153999,-0.797634,0.611631,-0.379801,-1.70949,0.164586,-0.153999,-1.44995,0.611631,-0.379801,-0.404862,0.164586,0.347782,-0.145318,0.611631,0.121981,-0.404862,0.164586,-0.153999,-0.145318,0.611631,-0.379801,0.560019,0.748062,0.446951,0.432669,0.550998,0.554468,0.25895,0.748062,0.446951,0.1316,0.550998,0.554468,0.25895,0.748063,-2.86102e-005,0.1316,0.550998,0.107488,0.560019,0.748063,-2.86102e-005,0.432669,0.550998,0.107488,0.0381665,0.748062,0.446951,-0.0891838,0.550998,0.554468,0.0381665,0.748063,-2.86102e-005,-0.0891838,0.550998,0.107488,0.330108,0.846441,0.391613,0.330108,0.846441,-0.0553665,0.109324,0.846441,0.391613,0.109324,0.846441,-0.0553665,-1.68872,0.00220203,0.925559,-1.81607,-0.194864,1.03307,-1.98978,0.00220203,0.925559,-2.11714,-0.194864,1.03307,-1.98978,0.00220203,0.711067,-2.11714,-0.194864,0.818583,-1.68872,0.00220203,0.711067,-1.81607,-0.194864,0.818583,-2.21057,0.00220203,0.925559,-2.33792,-0.194864,1.03307,-2.21057,0.00220203,0.711067,-2.33792,-0.194864,0.818583,-1.91863,0.10058,0.87022,-1.91863,0.10058,0.655728,-2.13941,0.10058,0.87022,-2.13941,0.10058,0.655728],

"normals": [0.0,0.433095,0.901348,0.0,0.433095,0.901348,0.839886,-0.542763,0.0,0.839886,-0.542763,0.0,0.0,-0.433094,-0.901349,0.0,-0.433094,-0.901349,-0.839886,0.542763,0.0,-0.839886,0.542763,0.0,0.0,1.0,0.0,0.0,1.0,0.0,0.0,-1.0,0.0,0.0,-1.0,0.0,0.0,-1.0,0.0,0.0,-1.0,0.0,0.0,-0.433094,-0.901349,0.0,-0.433094,-0.901349,0.0,1.0,0.0,0.0,1.0,0.0,0.0,0.433095,0.901348,0.0,0.433095,0.901348,-0.810261,0.58607,0.0,-0.810261,0.58607,0.0,0.0,-0.459565,-0.888144,0.0,-0.459565,-0.888144,0.810262,-0.586068,0.0,0.810262,-0.586068,0.0,0.0,0.459565,0.888144,0.0,0.459565,0.888144,0.0,0.45085,0.8926,0.0,0.45085,0.8926,0.864815,-0.502091,0.0,0.864815,-0.502091,0.0,0.0,-0.45085,-0.8926,0.0,-0.45085,-0.8926,-0.864815,0.502091,0.0,-0.864815,0.502091,0.0,0.0,1.0,0.0,0.0,1.0,0.0,0.0,-1.0,0.0,0.0,-1.0,0.0,0.0,-1.0,0.0,0.0,-1.0,0.0,0.0,-0.45085,-0.8926,0.0,-0.45085,-0.8926,0.0,1.0,0.0,0.0,1.0,0.0,0.0,0.45085,0.8926,0.0,0.45085,0.8926,0.0,0.450851,0.892599,0.0,0.450851,0.892599,0.864815,-0.502091,0.0,0.864815,-0.502091,0.0,0.0,-0.45085,-0.8926,0.0,-0.45085,-0.8926,-0.864815,0.502091,0.0,-0.864815,0.502091,0.0,0.0,1.0,0.0,0.0,1.0,0.0,0.0,-1.0,0.0,0.0,-1.0,0.0,0.0,-1.0,0.0,0.0,-1.0,0.0,0.0,-0.45085,-0.8926,0.0,-0.45085,-0.8926,0.0,1.0,0.0,0.0,1.0,0.0,0.0,0.450851,0.892599,0.0,0.450851,0.892599,0.0,0.45085,0.8926,0.0,0.45085,0.8926,0.864815,-0.502091,0.0,0.864815,-0.502091,0.0,0.0,-0.45085,-0.8926,0.0,-0.45085,-0.8926,-0.864815,0.502091,0.0,-0.864815,0.502091,0.0,0.0,1.0,0.0,0.0,1.0,0.0,0.0,-1.0,0.0,0.0,-1.0,0.0,0.0,-1.0,0.0,0.0,-1.0,0.0,0.0,-0.45085,-0.8926,0.0,-0.45085,-0.8926,0.0,1.0,0.0,0.0,1.0,0.0,0.0,0.45085,0.8926,0.0,0.45085,0.8926,0.0,0.478944,0.877846,0.0,0.478943,0.877846,-0.839885,0.542764,0.0,-0.839885,0.542765,5.7902e-007,0.0,-0.478943,-0.877846,0.0,-0.478943,-0.877846,0.839885,-0.542765,0.0,0.839885,-0.542764,-5.79019e-007,0.0,-1.0,0.0,0.0,-1.0,0.0,0.0,1.0,1.0668e-006,0.0,1.0,1.0668e-006,0.0,1.0,1.0668e-006,0.0,1.0,1.0668e-006,0.0,-0.478943,-0.877846,0.0,-0.478943,-0.877846,0.0,-1.0,0.0,0.0,-1.0,0.0,0.0,0.478944,0.877846,0.0,0.478943,0.877846,0.810262,-0.586068,-6.25217e-007,0.810262,-0.586068,-6.25216e-007,0.0,-0.490261,-0.871576,0.0,-0.490261,-0.871576,-0.810263,0.586067,6.25215e-007,-0.810263,0.586067,6.25215e-007,0.0,0.490264,0.871574,0.0,0.490264,0.871574,0.0,0.478938,0.877849,0.0,0.478938,0.877849,-0.839888,0.54276,0.0,-0.839888,0.54276,0.0,0.0,-0.47894,-0.877848,0.0,-0.47894,-0.877848,0.839887,-0.542761,0.0,0.839887,-0.542761,0.0,0.0,-1.0,0.0,0.0,-1.0,0.0,0.0,1.0,0.0,0.0,1.0,0.0,0.0,1.0,0.0,0.0,1.0,0.0,0.0,-0.47894,-0.877848,0.0,-0.47894,-0.877848,0.0,-1.0,0.0,0.0,-1.0,0.0,0.0,0.478938,0.877849,0.0,0.478938,0.877849,0.810261,-0.58607,0.0,0.810261,-0.58607,0.0,0.0,-0.490266,-0.871573,0.0,-0.490266,-0.871573,-0.810261,0.58607,0.0,-0.810261,0.58607,0.0,0.0,0.490266,0.871573,0.0,0.490266,0.871573],

"colors": [],